ID, Name, Email
1, Vitor, vitor@email.com
2, Gabi, gabi@email.com
3, Bernardo, bernardo@email.com
4, Laura, laura@email.com
5, Lucas, lucas@email.com
6, Mariana, mariana@email.com
7, Felipe, felipe@email.com
8, Ana, ana@email.com
9, João, joão@email.com
10, Camila, camila@email.com
11, Pedro, pedro@email.com
12, Bianca, bianca@email.com
13, Matheus, matheus@email.com
14, Isabela, isabela@email.com
15, Rafael, rafael@email.com
16, Sofia, sofia@email.com
17, Gustavo, gustavo@email.com
18, Clara, clara@email.com
19, Leonardo, leonardo@email.com
20, Julia, julia@email.com
21, Diego, diego@email.com
22, Manuela, manuela@email.com
23, Henrique, henrique@email.com
24, Livia, livia@email.com
25, Eduardo, eduardo@email.com
26, Beatriz, beatriz@email.com
27, Bruno, bruno@email.com
28, Lara, lara@email.com
29, André, andré@email.com
30, Fernanda, fernanda@email.com
31, Caio, caio@email.com
32, Carla, carla@email.com
33, Igor, igor@email.com
34, Paula, paula@email.com
35, Rodrigo, rodrigo@email.com
36, Renata, renata@email.com
37, Thiago, thiago@email.com
38, Patricia, patricia@email.com
39, Alex, alex@email.com
40, Leticia, leticia@email.com
41, Daniel, daniel@email.com
42, Catarina, catarina@email.com
43, Marcelo, marcelo@email.com
44, Tais, tais@email.com
45, Samuel, samuel@email.com
46, Helena, helena@email.com
47, Vinicius, vinicius@email.com
48, Luana, luana@email.com
49, Fernando, fernando@email.com
50, Yasmin, yasmin@email.com
